﻿Designator,Footprint,Quantity,Value,LCSC Part #
BT1,JST_1.25mm_mid-mount,1,Battery,
"D1, D10, D11, D12, D13, D14, D15, D16, D17, D18, D19, D2, D20, D21, D22, D23, D3, D4, D5, D6, D7, D8, D9",D_SOD-123_Handsoldering,23,D,
J1,USB-C_6Pin_Mid-mount,1,USB_C_Receptacle_PowerOnly_6P,
RSW1,TS-1289VE-4,1,Reset_SW,
"SW1, SW10, SW11, SW12, SW13, SW14, SW15, SW16, SW17, SW18, SW19, SW2, SW20, SW21, SW22, SW23, SW3, SW4, SW5, SW6, SW7, SW8, SW9",SW_MX_Choc-v1v2_Hotswap,23,SW_Push,
U1,ProMicro_SMD,1,ProMicro,
