﻿Designator,Footprint,Quantity,Value,LCSC Part #
BT2,JST_1.25mm_mid-mount,1,Battery,
"D24, D25, D26, D27, D28, D29, D30, D31, D32, D33, D34, D35, D36, D37, D38, D39, D40, D41, D42, D43, D44, D45, D46",D_SOD-123_Handsoldering,23,D,
J2,USB-C_6Pin_Mid-mount,1,USB_C_Receptacle_PowerOnly_6P,
RSW2,TS-1289VE-4,1,Reset_SW,
"SW24, SW25, SW26, SW27, SW28, SW29, SW30, SW31, SW32, SW33, SW34, SW35, SW36, SW37, SW38, SW39, SW40, SW41, SW42, SW43, SW44, SW45, SW46",SW_MX_Choc-v1v2_Hotswap,23,SW_Push,
U2,ProMicro_SMD,1,ProMicro,
