﻿Designator,Footprint,Quantity,Value,LCSC Part #
"_16, _15, _14, _13, _12, _11, _10, _9, _8, _7, _6, _5, _4, _3, _2, ",,16,,
"BT1, BT2",JST_1.25mm_mid-mount,2,Battery,
"D1, D10, D11, D12, D13, D14, D15, D16, D17, D18, D19, D2, D20, D21, D22, D23, D24, D25, D26, D27, D28, D29, D3, D30, D31, D32, D33, D34, D35, D36, D37, D38, D39, D4, D40, D41, D42, D43, D44, D45, D46, D5, D6, D7, D8, D9",D_SOD-123_Handsoldering,46,D,
"J1, J2",USB-C_6Pin_Mid-mount,2,USB_C_Receptacle_PowerOnly_6P,
"RSW1, RSW2",TS-1289VE-4,2,Reset_SW,
"SW1, SW10, SW11, SW12, SW13, SW14, SW15, SW16, SW17, SW18, SW19, SW2, SW20, SW21, SW22, SW23, SW24, SW25, SW26, SW27, SW28, SW29, SW3, SW30, SW31, SW32, SW33, SW34, SW35, SW36, SW37, SW38, SW39, SW4, SW40, SW41, SW42, SW43, SW44, SW45, SW46, SW5, SW6, SW7, SW8, SW9",SW_MX_Choc-v1v2_Hotswap,46,SW_Push,
"U1, U2",ProMicro_SMD,2,ProMicro,
